Character,Level,Number of Sentence,Sentence
Entrepreneur,Farm,1,"""Hey Mayor, buckle up for a serious situation in the countryside! Our farmlands are in the hot seat of a major climate crisis, and we desperately need your leadership."""
Entrepreneur,Farm,2,"""Picture this: our farms and green areas are on the edge because of crazy weather, and there's way too much of this CO2 stuff in the air—it's off the charts."""
Entrepreneur,Farm,3,"""Now, here's the deal: we've got to dive into serious action. We're talking about making sure animals have babies, getting those crops growing, and throwing up some greenhouses to shield our plants from the chaos outside."""
Entrepreneur,Farm,4,"""If we don't crack this puzzle, our farms might fail to produce enough food, and the hardworking folks who depend on them could be in real trouble. """
Entrepreneur,Farm,5,"""Mayor, this is no time for small moves. The future of our countryside is hanging in the balance, and it's up to you to make the bold choices that will save the day"""
Entrepreneur,Farm,6,"""Good luck – we're all counting on you!"""
Environmentalist,Farm,1,"""Hello major! Welcome to the countryside!  Our countryside is facing a terrible climate crisis and we need your help."""
Environmentalist,Farm,2,"""Invest in breedings, cultivation and greenhouses to lower CO2 levels. Good luck!"""
Equilibrist,Farm,1,"""Hi there, Mayor! Welcome to the countryside. We've got a big problem with the weather, and we really need your help."""
Equilibrist,Farm,2,"""Our farms and green areas are struggling because of the crazy weather, and we're seeing too much of a gas called CO2 in the air."""
Equilibrist,Farm,3," ""To fix this, we need to invest in things like helping animals have babies, growing crops, and using greenhouses."""
Equilibrist,Farm,4,"""It's like a big puzzle, and if we don't solve it, our farms might not be able to give us enough food, and the people who work on farms might have a tough time."""
Equilibrist,Farm,5,"""So, let's work together to make things better for our countryside. Good luck, Mayor! We're counting on you."""
Entrepreneur,Industries,1,"""Hello Mayor! Step into the urban jungle, where we've got a different kind of storm brewing. Our industries are in a tight spot thanks to some serious climate concerns, and we need your leadership to weather this challenge."""
Entrepreneur,Industries,2,"""Our factories are like energy-guzzling monsters, our waste disposal is messy and our transportation is leaving a pollution trail, and our air quality is nothing to write home about."""
Entrepreneur,Industries,3,"""If we don't crack this code, our city's industries might be in for a rough ride, and the hardworking folks depending on them could face some tough times."""
Entrepreneur,Industries,4,"""Mayor, the ball is in your court. Let's roll up our sleeves and tackle this urban puzzle lowering the CO2. Good luck – the city is counting on you!"""
Environmentalist,Industries,1,"""Hey Mayor! Welcome to the city hustle, where we've got a different kind of challenge. Our industries are dealing with some climate issues, and we need your help to figure things out."""
Environmentalist,Industries,2,"""Our factories use a lot of energy, our waste disposal is a bit messy, our transportation leaves a pollution trail, and our air quality could be better."""
Environmentalist,Industries,3,"""If we don't find solutions, our city's industries might face some difficulties, and the people who rely on them could have a tough time. Mayor, it's up to you now."""
Environmentalist,Industries,4,"""Let's get to work and solve this puzzle for our city by reducing CO2. Good luck – the city is looking to you for guidance!"""
Equilibrist,Industries,1,"""Hey Mayor! Welcome to the urban scene, where we've got a bit of a challenge on our hands. Our industries are facing some climate issues, and we need your help to sort things out."""
Equilibrist,Industries,2,"""Our factories are a bit energy-hungry, waste disposal is somewhat messy, transportation leaves a pollution trail, and our air quality could use a boost."""
Equilibrist,Industries,3,"""If we don't find some solutions soon, our city's industries might hit some bumps, and the folks who depend on them could face some challenges."""
Equilibrist,Industries,4,"""Mayor, it's your turn to step in. Let's work together and figure out this puzzle for our city, especially when it comes to lowering CO2. Good luck – the city is looking to you for some steady guidance!"""
Entrepreneur,Offices,1,"""Hey Mayor! Welcome to the urban showdown, where we're grappling with a serious puzzle. Our green areas, buildings, public transportations, recycling, and how employees engage at work are all in a tight spot due to some heavy-duty environmental challenges."""
Entrepreneur,Offices,2,"""Our green spots are gasping for life, buildings are not exactly Earth's best friends, public rides are leaving a smoggy trail, recycling is a bit scattered, and the office vibe needs a green revolution."""
Entrepreneur,Offices,3,"""If we don't hustle up some solutions soon, our city's eco-game might hit a rough patch, and the folks who love our green spaces could be in for a bumpy ride. Mayor, it's your time to shine."""
Entrepreneur,Offices,4,"""Let's team up and crack this eco-code for our city, especially when it comes to making our surroundings more sustainable. Good luck – the city is banking on your superhero moves!"""
Environmentalist,Offices,1,"""Greetings, Mayor! Step into the urban arena, where we grapple with a substantial challenge. Our green areas, buildings, public transportation, recycling initiatives, and workplace dynamics are all navigating a complex landscape of environmental hurdles"""
Environmentalist,Offices,2,"""Our verdant areas are facing a decline, architectural structures are not necessarily aligned with sustainable practices, public transportation leaves an environmental footprint, recycling efforts lack cohesion, and workplace culture demands a shift toward sustainability."""
Environmentalist,Offices,3,"""In the absence of prompt solutions, our city's environmental strategies could encounter difficulties, and those who cherish our green spaces might experience some disruptions."""
Environmentalist,Offices,4,"""Mayor, the stage is set for your strategic interventions. Let's collaborate to decipher this complex environmental puzzle for our city, particularly in elevating the sustainability of our surroundings. Best of luck – the city places its trust in your leadership!"""
Equilibrist,Offices,1,"""Hey Mayor! Step into the city vibe, where we're dealing with a bit of a puzzle. Our green areas, buildings, public transportation, recycling, and employee engagement are all feeling the effects of some environmental challenges, and we could use your expertise to navigate through."""
Equilibrist,Offices,2,"""Our green areas need a boost, our buildings could be more eco-friendly, public transportation needs to be cleaner, recycling efforts are a bit scattered, and we need everyone in the offices on board for a greener workplace."""
Equilibrist,Offices,3," ""If we don't find solutions soon, our city's environmental game plan might hit some hurdles, and the folks who cherish our green spaces could face some obstacles."""
Equilibrist,Offices,4,"""Mayor, it's your cue to step up. Let's collaborate and solve this puzzle for our city, especially when it comes to creating a more sustainable environment. Good luck – the city is counting on your leadership!"""
Entrepreneur,Residential,1,"""Mayor, we're standing on the precipice of a real crisis here, fueled by the relentless force of climate change. If we don't act fast, our city is hurtling towards a catastrophe, with everyday heroes – our residents – caught in the crossfire of these monstrous challenges."""
Entrepreneur,Residential,2,"""The situation is dire, Mayor. We're witnessing the unsettling impacts of climate change, from extreme weather events to rising sea levels."""
Entrepreneur,Residential,3,"""It's time to tap into your inner champion, Mayor. Let's rally together and confront these issues head-on, turning our city into a fortress of innovation and resilience amidst the havoc wreaked by climate change."""
Entrepreneur,Residential,4,"""Good luck – the city is hanging by a thread, counting on your heroic efforts to navigate through these turbulent times!"""
Environmentalist,Residential,1,"""Mayor, welcome to the residential area where we grapple with substantial challenges. Our city is facing complexities in addressing car emissions, residential structures, cycling infrastructure, accessibility to shops, waste management, and public transportation"""
Environmentalist,Residential,2,"""Car emissions contribute to environmental concerns, residential structures may lack sustainability, cycling infrastructure might require improvement, accessibility to shops may pose challenges, waste management systems need optimization, and public transportation could benefit from strategic enhancements."""
Environmentalist,Residential,3,"""Without swift and effective solutions, our city's sustainability goals may face hurdles, affecting not only the environment but also the daily lives of our residents. Mayor, this is your call to action."""
Environmentalist,Residential,4,"""Let's collaborate to navigate this intricate web of urban challenges and work towards a more sustainable and accessible city. Good luck – the city relies on your strategic leadership!"""
Equilibrist,Residential,1,"""Mayor, we're facing some significant challenges here, and it's urgent that we address them. If we don't act promptly, our city could experience some serious consequences. Everyday heroes – our residents – are feeling the impact of these challenges."""
Equilibrist,Residential,2,"""Climate change is certainly playing a role, bringing about shifts in weather patterns and rising sea levels."""
Equilibrist,Residential,3," ""It's crucial, Mayor, to tap into your leadership skills. Let's work together to tackle these issues, making our city more resilient in the face of these challenges."""
Equilibrist,Residential,4,"""Good luck – the city is relying on your efforts to navigate through these times."""
Entrepreneur,Start,1,"""Welcome Mayor! It is up to you to address the serious climate crisis that your city is currently experiencing."""
Entrepreneur,Start,2,"""Given the seriousness of the situation and the pressing need for sustainability in your neighborhood, it is imperative that you take responsibility for the fight against rising carbon emissions."""
Entrepreneur,Start,3,"""The problem is that you have a very limited budget."" "
Entrepreneur,Start,4,"""Therefore, in order to have the greatest impact, you need to be extremely frugal with your financial decisions."""
Entrepreneur,Start,5,"""Your city's survival is in jeopardy, and and it need your help."""
Environmentalist,Start,1,"""Welcome, Mayor! Your city is facing some significant climate challenges, and you've got an important job on your hands."""
Environmentalist,Start,2,"""Lowering CO2 emissions and making your neighborhood more sustainable are top priorities."""
Environmentalist,Start,3,"""However, we're working with a tight budget here, so it's essential to be strategic about where we invest our resources."""
Environmentalist,Start,4,"""Let's tackle this together, finding practical solutions that make a difference without breaking the bank."""
Equilibrist,Start,1,"""Mayor, welcome! Your city is at the epicenter of the climate emergency, and you have a vital responsibility to lower CO2 emissions and improve the sustainability of your neighborhood."""
Equilibrist,Start,2,"""Because of your tight budget, you have to be strategic about where you invest."""
